projeto,arquivo_no_site,arquivo_original,tamanho_original,tamanho_no_site,kb,texto_alternativo,observacao
residencia-alpha,01-capa.webp,pexels-axlsm-14921607.jpg,2736x3648,1800x2400,594,"Casa branca com pérgola e porta de madeira alaranjada, caminho de pedra até a entrada",
residencia-alpha,02-galeria.webp,pexels-jonathanborba-9976121.jpg,5089x3393,1800x1200,182,"Casa contemporânea de dois pavimentos com pedra escura, ripado de madeira e grandes esquadrias",
residencia-alpha,03-galeria.webp,pexels-artbovich-8134817.jpg,7360x4912,1800x1201,165,"Fachada de placas claras, portão de madeira e jardim florido diante de casa contemporânea",
casa-pedra,01-capa.webp,f4aa82aa0ab11fcb5f23d781912ca779.jpg,511x765,511x765,69,"Sala com parede de pedra aparente, vigas de madeira e sofá com almofadas escuras",
casa-pedra,02-galeria.webp,0e0ada2aeaba3f5e0aba112a21dff702.jpg,640x426,640x426,61,"Sala com paredes de pedra, lareira e teto de madeira em duas águas, aberta para o jardim",
casa-pedra,03-galeria.webp,parede-de-pedra01_jpg.webp,1024x1024,1024x1024,174,"Hall de pé-direito duplo com parede de pedra, luminárias de palha e vegetação","Parece render/imagem gerada por IA, não fotografia de obra."
casa-pedra,04-galeria.webp,images.jpg,447x447,447x447,37,"Varanda coberta com piso de pedra irregular, lareira suspensa e jardim com piscina ao fundo",
loft-vertical,01-capa.webp,1-loft-com-decoração-industrial.jpg,564x705,564x705,53,"Loft industrial com mezanino de vidro e aço, tijolo aparente e escada metálica",
loft-vertical,02-galeria.webp,images__1_.jpg,365x547,365x547,12,Cozinha cinza sob escada de aço em ambiente integrado com piso de concreto polido,
loft-vertical,03-galeria.webp,images__2_.jpg,365x547,365x547,24,"Escada com nichos e cestos, painel de madeira em espinha de peixe e sala de estar",
loft-vertical,04-galeria.webp,b0bbeed6c95896fd9f3e3ab061829f4b.jpg,236x413,236x413,18,"Loft de pé-direito duplo com mezanino, janelas amplas, cozinha e sala de estar","Parece render/imagem gerada por IA, não fotografia de obra."
pavilhao-sul,01-capa.webp,images__3_.jpg,547x365,547x365,32,"Pavilhão com estrutura e vigas de madeira, cobertura plana e vidro entre árvores",
pavilhao-sul,02-galeria.webp,sapucaia-do-sul-comercial-pavilhao-centro-29-07-2024_10-31-26-0.webp,1400x1050,1400x1050,125,"Fachada de galpão comercial com portas de enrolar escuras, vidro e estrutura de concreto","Foto de anúncio imobiliário, com marca sobreposta."
pavilhao-sul,03-galeria.webp,IMG_6638.jpg,1559x1039,1559x1039,199,Fachada de vidro com brises de madeira sob moldura preta e céu azul,
pavilhao-sul,04-galeria.webp,images__4_.jpg,638x480,638x480,30,"Grande galpão interno com pilares brancos, piso claro e iluminação pontual",Baixa resolução.
casa-do-vale,01-capa.webp,200520_VALE_DAS_VIDEIRAS-025.jpg,528x352,528x352,44,"Sala de jantar com vidro de piso a teto voltada para deck e montanhas, forro de madeira",Baixa resolução para capa panorâmica.
casa-do-vale,02-galeria.webp,images__5_.jpg,547x365,547x365,42,"Salão de estar com telhado de madeira aparente, sofás claros e arranjos florais",Tem marca d'água de fotógrafo/autor no canto.
casa-do-vale,03-galeria.webp,images__6_.jpg,399x501,399x501,34,Sala de pé-direito alto com porta de correr em madeira e vista para o jardim,Baixa resolução.
casa-do-vale,04-galeria.webp,images__7__-_Copia.jpg,399x501,399x501,27,"Corredor com vigas de madeira e piso de tábuas largas, integrado à sala com lareira de tijolo",Baixa resolução.
casa-do-vale,05-galeria.webp,images__8_.jpg,399x501,399x501,29,Porta dupla de madeira aberta para varanda com vista de vale e mesa de jantar,Baixa resolução.
